AnnualReportID,ChangeDescription
AR-2025-COMP001,Tombstone Info Update
AR-2022-COMP002,Tombstone Info Update
AR-2023-COMP002,Tombstone Info Update
AR-2025-COMP002,Tombstone Info Update
AR-2022-COMP003,Address Change
AR-2023-COMP003,Address Change
AR-2024-COMP003,New Capabilities
AR-2022-COMP004,Address Change
AR-2023-COMP004,Tombstone Info Update
AR-2024-COMP005,New Capabilities
AR-2025-COMP005,Address Change
AR-2026-COMP005,New Affiliation
AR-2021-COMP006,New Capabilities
AR-2022-COMP006,New Capabilities
AR-2024-COMP006,Tombstone Info Update
AR-2026-COMP006,Tombstone Info Update
AR-2021-COMP007,New Capabilities
AR-2023-COMP007,Address Change
AR-2021-COMP008,New Affiliation
AR-2023-COMP008,Address Change
AR-2024-COMP008,Tombstone Info Update
AR-2025-COMP008,Tombstone Info Update
AR-2021-COMP009,New Affiliation
AR-2023-COMP009,Address Change
AR-2024-COMP009,New Affiliation
AR-2025-COMP009,New Affiliation
AR-2026-COMP009,New Affiliation
AR-2025-COMP010,Tombstone Info Update
AR-2026-COMP010,Tombstone Info Update
AR-2021-COMP011,New Capabilities
AR-2022-COMP011,New Capabilities
AR-2023-COMP011,New Capabilities
AR-2025-COMP011,Tombstone Info Update
AR-2026-COMP011,Tombstone Info Update
AR-2021-COMP012,New Affiliation
AR-2022-COMP012,Address Change
AR-2023-COMP012,New Affiliation
AR-2024-COMP012,New Affiliation
AR-2026-COMP012,Address Change
AR-2021-COMP013,New Capabilities
AR-2023-COMP013,Tombstone Info Update
AR-2025-COMP013,Address Change
AR-2026-COMP013,New Affiliation
AR-2023-COMP014,New Affiliation
AR-2024-COMP014,New Affiliation
AR-2025-COMP015,New Affiliation
AR-2026-COMP015,Tombstone Info Update
AR-2021-COMP016,New Capabilities
AR-2022-COMP016,New Affiliation
AR-2024-COMP016,Tombstone Info Update
AR-2025-COMP016,Address Change
AR-2022-COMP017,New Capabilities
AR-2025-COMP017,Tombstone Info Update
AR-2026-COMP017,Tombstone Info Update
AR-2022-COMP018,Tombstone Info Update
AR-2024-COMP018,Address Change
AR-2025-COMP018,Address Change
AR-2026-COMP018,Address Change
AR-2021-COMP019,New Affiliation
AR-2024-COMP019,New Affiliation
AR-2022-COMP020,New Capabilities
AR-2023-COMP020,New Affiliation
AR-2021-COMP021,New Affiliation
AR-2023-COMP021,New Affiliation
AR-2024-COMP021,New Capabilities
AR-2026-COMP021,New Capabilities
AR-2021-COMP022,Tombstone Info Update
AR-2022-COMP022,New Capabilities
AR-2023-COMP022,New Capabilities
AR-2024-COMP022,Address Change
AR-2025-COMP022,Tombstone Info Update
AR-2026-COMP022,New Capabilities
AR-2021-COMP023,Tombstone Info Update
AR-2022-COMP023,New Capabilities
AR-2026-COMP023,Tombstone Info Update
AR-2021-COMP024,New Affiliation
AR-2024-COMP024,New Affiliation
AR-2025-COMP024,Tombstone Info Update
AR-2023-COMP025,Tombstone Info Update
AR-2026-COMP025,Address Change
AR-2022-COMP026,Tombstone Info Update
AR-2025-COMP026,Tombstone Info Update
AR-2021-COMP027,Address Change
AR-2026-COMP027,New Capabilities
AR-2023-COMP028,Tombstone Info Update
AR-2025-COMP028,Tombstone Info Update
AR-2022-COMP029,New Affiliation
AR-2024-COMP029,New Capabilities
AR-2026-COMP029,Tombstone Info Update
AR-2021-COMP030,Address Change
AR-2023-COMP030,New Capabilities
AR-2025-COMP030,Tombstone Info Update
AR-2026-COMP030,Tombstone Info Update
AR-2021-COMP031,New Affiliation
AR-2023-COMP031,Tombstone Info Update
AR-2024-COMP031,New Capabilities
AR-2026-COMP031,Tombstone Info Update
AR-2022-COMP032,Address Change
AR-2024-COMP032,Tombstone Info Update
AR-2025-COMP032,Tombstone Info Update
AR-2026-COMP032,New Capabilities
AR-2023-COMP033,Tombstone Info Update
AR-2024-COMP033,Tombstone Info Update
AR-2026-COMP033,New Capabilities
AR-2022-COMP034,Tombstone Info Update
AR-2023-COMP034,New Capabilities
AR-2025-COMP034,Address Change
AR-2022-COMP035,Address Change
AR-2023-COMP035,Tombstone Info Update
AR-2025-COMP035,Address Change
AR-2022-COMP036,Address Change
AR-2023-COMP036,Tombstone Info Update
AR-2026-COMP036,New Affiliation
AR-2021-COMP037,Address Change
AR-2023-COMP037,New Capabilities
AR-2025-COMP037,Address Change
AR-2026-COMP037,Address Change
AR-2022-COMP038,Address Change
AR-2023-COMP038,New Affiliation
AR-2024-COMP038,New Capabilities
AR-2026-COMP038,Address Change
AR-2024-COMP039,Tombstone Info Update
AR-2021-COMP040,Address Change
AR-2023-COMP040,New Capabilities
AR-2024-COMP040,New Capabilities
AR-2025-COMP041,New Affiliation
AR-2023-COMP042,Tombstone Info Update
AR-2023-COMP043,New Affiliation
AR-2024-COMP043,Tombstone Info Update
AR-2025-COMP043,Tombstone Info Update
AR-2026-COMP043,Tombstone Info Update
AR-2021-COMP044,Tombstone Info Update
AR-2023-COMP044,New Affiliation
AR-2026-COMP044,Tombstone Info Update
AR-2022-COMP045,New Affiliation
AR-2023-COMP045,Tombstone Info Update
AR-2024-COMP045,Tombstone Info Update
AR-2025-COMP045,Tombstone Info Update
AR-2022-COMP046,New Capabilities
AR-2023-COMP046,New Affiliation
AR-2025-COMP046,New Affiliation
AR-2021-COMP047,Address Change
AR-2024-COMP047,Address Change
AR-2021-COMP048,Tombstone Info Update
AR-2024-COMP048,Address Change
AR-2025-COMP048,Address Change
AR-2021-COMP049,Tombstone Info Update
AR-2024-COMP049,New Capabilities
AR-2025-COMP049,Tombstone Info Update
AR-2022-COMP050,Address Change
AR-2026-COMP050,Tombstone Info Update
AR-2024-COMP051,Tombstone Info Update
AR-2021-COMP052,New Capabilities
AR-2022-COMP052,New Capabilities
AR-2024-COMP052,New Affiliation
AR-2025-COMP052,Tombstone Info Update
AR-2023-COMP053,New Affiliation
AR-2026-COMP053,Tombstone Info Update
AR-2023-COMP054,Tombstone Info Update
AR-2021-COMP055,New Capabilities
AR-2024-COMP055,Address Change
AR-2021-COMP057,New Capabilities
AR-2022-COMP057,Tombstone Info Update
AR-2025-COMP057,Address Change
AR-2026-COMP057,New Affiliation
AR-2021-COMP058,New Affiliation
AR-2022-COMP058,New Affiliation
AR-2023-COMP058,New Capabilities
AR-2025-COMP058,Address Change
AR-2026-COMP058,New Capabilities
AR-2021-COMP059,Tombstone Info Update
AR-2022-COMP059,New Affiliation
AR-2023-COMP059,Address Change
AR-2024-COMP059,New Capabilities
AR-2025-COMP059,Tombstone Info Update
AR-2026-COMP059,Address Change
AR-2025-COMP060,New Affiliation
AR-2026-COMP060,New Capabilities
AR-2023-COMP061,Tombstone Info Update
AR-2023-COMP062,Tombstone Info Update
AR-2026-COMP062,New Affiliation
AR-2021-COMP063,Tombstone Info Update
AR-2022-COMP063,Address Change
AR-2024-COMP063,Address Change
AR-2025-COMP063,Address Change
AR-2026-COMP063,Tombstone Info Update
AR-2022-COMP064,Tombstone Info Update
AR-2024-COMP064,New Capabilities
AR-2025-COMP064,Address Change
AR-2026-COMP064,Address Change
AR-2021-COMP065,Address Change
AR-2023-COMP065,Tombstone Info Update
AR-2025-COMP065,New Capabilities
AR-2021-COMP066,Tombstone Info Update
AR-2023-COMP066,Address Change
AR-2024-COMP066,Tombstone Info Update
AR-2026-COMP066,New Capabilities
AR-2021-COMP067,New Capabilities
AR-2022-COMP067,Tombstone Info Update
AR-2023-COMP067,Address Change
AR-2024-COMP067,Address Change
AR-2025-COMP067,Tombstone Info Update
AR-2021-COMP068,New Capabilities
AR-2022-COMP068,New Capabilities
AR-2024-COMP068,New Capabilities
AR-2022-COMP069,Address Change
AR-2023-COMP069,Address Change
AR-2025-COMP069,New Capabilities
AR-2022-COMP070,New Capabilities
AR-2023-COMP070,New Capabilities
AR-2024-COMP070,Tombstone Info Update
AR-2026-COMP070,New Capabilities
AR-2022-COMP071,New Capabilities
AR-2023-COMP071,Tombstone Info Update
AR-2026-COMP071,Address Change
AR-2021-COMP072,New Affiliation
AR-2022-COMP072,New Affiliation
AR-2023-COMP072,New Affiliation
AR-2021-COMP073,New Affiliation
AR-2022-COMP073,New Affiliation
AR-2023-COMP073,New Affiliation
AR-2022-COMP074,Tombstone Info Update
AR-2024-COMP074,Tombstone Info Update
AR-2025-COMP074,New Capabilities
AR-2021-COMP075,Tombstone Info Update
AR-2023-COMP075,Tombstone Info Update
AR-2024-COMP075,Address Change
AR-2021-COMP076,New Capabilities
AR-2023-COMP076,Address Change
AR-2024-COMP076,Tombstone Info Update
AR-2022-COMP077,New Affiliation
AR-2024-COMP077,New Affiliation
AR-2021-COMP078,Tombstone Info Update
AR-2022-COMP078,New Capabilities
AR-2024-COMP078,Address Change
AR-2025-COMP078,Address Change
AR-2026-COMP078,Address Change
AR-2025-COMP079,Address Change
AR-2021-COMP080,New Capabilities
AR-2022-COMP080,Tombstone Info Update
AR-2024-COMP080,New Capabilities
AR-2025-COMP080,New Affiliation
AR-2026-COMP080,New Affiliation
AR-2025-COMP081,New Capabilities
AR-2021-COMP082,Address Change
AR-2022-COMP082,New Affiliation
AR-2023-COMP082,New Affiliation
AR-2024-COMP082,Tombstone Info Update
AR-2026-COMP082,New Capabilities
AR-2023-COMP083,Address Change
AR-2024-COMP083,Tombstone Info Update
AR-2021-COMP084,Address Change
AR-2023-COMP084,New Affiliation
AR-2025-COMP084,New Affiliation
AR-2021-COMP085,New Affiliation
AR-2024-COMP085,Tombstone Info Update
AR-2026-COMP085,New Affiliation
AR-2021-COMP086,Address Change
AR-2024-COMP086,New Capabilities
AR-2025-COMP086,Address Change
AR-2021-COMP087,New Capabilities
AR-2022-COMP087,New Affiliation
AR-2023-COMP087,Address Change
AR-2025-COMP087,New Affiliation
AR-2026-COMP087,New Capabilities
AR-2021-COMP088,New Affiliation
AR-2023-COMP088,Tombstone Info Update
AR-2025-COMP088,Tombstone Info Update
AR-2021-COMP089,New Capabilities
AR-2022-COMP089,New Affiliation
AR-2023-COMP089,Address Change
AR-2025-COMP089,New Capabilities
AR-2026-COMP089,Address Change
AR-2021-COMP090,New Affiliation
AR-2025-COMP090,New Capabilities
AR-2026-COMP090,New Capabilities
AR-2021-COMP091,Address Change
AR-2026-COMP091,Tombstone Info Update
AR-2021-COMP092,New Capabilities
AR-2022-COMP092,New Affiliation
AR-2025-COMP092,Tombstone Info Update
AR-2026-COMP092,Tombstone Info Update
AR-2023-COMP093,Address Change
AR-2024-COMP093,New Capabilities
AR-2025-COMP093,New Affiliation
AR-2026-COMP093,New Affiliation
AR-2021-COMP094,New Affiliation
AR-2023-COMP094,Address Change
AR-2024-COMP094,Address Change
AR-2025-COMP094,Address Change
AR-2022-COMP095,New Affiliation
AR-2024-COMP095,Address Change
AR-2023-COMP096,Tombstone Info Update
AR-2021-COMP097,Address Change
AR-2023-COMP097,Tombstone Info Update
AR-2022-COMP098,Tombstone Info Update
AR-2023-COMP098,New Capabilities
AR-2022-COMP099,New Capabilities
AR-2023-COMP099,Tombstone Info Update
AR-2024-COMP099,New Capabilities
AR-2022-COMP100,Tombstone Info Update
AR-2023-COMP100,Tombstone Info Update
AR-2026-COMP100,Tombstone Info Update
