AnnualReportID,IssueName
AR-2022-COMP001,Operational Efficiency
AR-2022-COMP001,Operational Efficiency
AR-2023-COMP001,Regulatory Compliance
AR-2023-COMP001,Financial Compliance
AR-2023-COMP001,Regulatory Compliance
AR-2023-COMP001,Financial Compliance
AR-2024-COMP001,Environmental Impact
AR-2025-COMP001,Operational Efficiency
AR-2025-COMP001,Financial Compliance
AR-2025-COMP001,Operational Efficiency
AR-2025-COMP001,Environmental Impact
AR-2021-COMP002,Environmental Impact
AR-2021-COMP002,Regulatory Compliance
AR-2022-COMP002,Regulatory Compliance
AR-2022-COMP002,Safety Concerns
AR-2022-COMP002,Environmental Impact
AR-2023-COMP002,Safety Concerns
AR-2024-COMP002,Financial Compliance
AR-2024-COMP002,Operational Efficiency
AR-2024-COMP002,Safety Concerns
AR-2025-COMP002,Operational Efficiency
AR-2025-COMP002,Regulatory Compliance
AR-2025-COMP002,Financial Compliance
AR-2026-COMP002,Operational Efficiency
AR-2026-COMP002,Financial Compliance
AR-2026-COMP002,Operational Efficiency
AR-2026-COMP002,Environmental Impact
AR-2026-COMP002,Safety Concerns
AR-2021-COMP003,Financial Compliance
AR-2022-COMP003,Financial Compliance
AR-2022-COMP003,Environmental Impact
AR-2022-COMP003,Environmental Impact
AR-2023-COMP003,Regulatory Compliance
AR-2023-COMP003,Operational Efficiency
AR-2023-COMP003,Regulatory Compliance
AR-2023-COMP003,Safety Concerns
AR-2023-COMP003,Safety Concerns
AR-2024-COMP003,Regulatory Compliance
AR-2025-COMP003,Safety Concerns
AR-2026-COMP003,Regulatory Compliance
AR-2026-COMP003,Regulatory Compliance
AR-2026-COMP003,Regulatory Compliance
AR-2026-COMP003,Regulatory Compliance
AR-2021-COMP004,Regulatory Compliance
AR-2022-COMP004,Operational Efficiency
AR-2022-COMP004,Financial Compliance
AR-2023-COMP004,Operational Efficiency
AR-2023-COMP004,Operational Efficiency
AR-2023-COMP004,Safety Concerns
AR-2024-COMP004,Safety Concerns
AR-2024-COMP004,Regulatory Compliance
AR-2024-COMP004,Regulatory Compliance
AR-2024-COMP004,Regulatory Compliance
AR-2024-COMP004,Financial Compliance
AR-2025-COMP004,Environmental Impact
AR-2025-COMP004,Safety Concerns
AR-2025-COMP004,Financial Compliance
AR-2026-COMP004,Financial Compliance
AR-2026-COMP004,Safety Concerns
AR-2021-COMP005,Regulatory Compliance
AR-2022-COMP005,Safety Concerns
AR-2022-COMP005,Environmental Impact
AR-2022-COMP005,Operational Efficiency
AR-2022-COMP005,Regulatory Compliance
AR-2022-COMP005,Operational Efficiency
AR-2023-COMP005,Environmental Impact
AR-2023-COMP005,Financial Compliance
AR-2023-COMP005,Regulatory Compliance
AR-2024-COMP005,Operational Efficiency
AR-2025-COMP005,Environmental Impact
AR-2025-COMP005,Financial Compliance
AR-2025-COMP005,Operational Efficiency
AR-2026-COMP005,Safety Concerns
AR-2022-COMP006,Operational Efficiency
AR-2024-COMP006,Environmental Impact
AR-2025-COMP006,Financial Compliance
AR-2026-COMP006,Operational Efficiency
AR-2026-COMP006,Financial Compliance
AR-2026-COMP006,Financial Compliance
AR-2021-COMP007,Environmental Impact
AR-2021-COMP007,Safety Concerns
AR-2021-COMP007,Financial Compliance
AR-2021-COMP007,Operational Efficiency
AR-2021-COMP007,Safety Concerns
AR-2022-COMP007,Regulatory Compliance
AR-2022-COMP007,Safety Concerns
AR-2022-COMP007,Regulatory Compliance
AR-2023-COMP007,Environmental Impact
AR-2023-COMP007,Environmental Impact
AR-2023-COMP007,Environmental Impact
AR-2023-COMP007,Operational Efficiency
AR-2024-COMP007,Operational Efficiency
AR-2025-COMP007,Safety Concerns
AR-2026-COMP007,Environmental Impact
AR-2021-COMP008,Safety Concerns
AR-2021-COMP008,Environmental Impact
AR-2021-COMP008,Financial Compliance
AR-2021-COMP008,Operational Efficiency
AR-2023-COMP008,Safety Concerns
AR-2023-COMP008,Safety Concerns
AR-2023-COMP008,Regulatory Compliance
AR-2024-COMP008,Financial Compliance
AR-2024-COMP008,Environmental Impact
AR-2025-COMP008,Regulatory Compliance
AR-2025-COMP008,Regulatory Compliance
AR-2026-COMP008,Safety Concerns
AR-2021-COMP009,Safety Concerns
AR-2021-COMP009,Safety Concerns
AR-2021-COMP009,Financial Compliance
AR-2022-COMP009,Regulatory Compliance
AR-2022-COMP009,Environmental Impact
AR-2022-COMP009,Environmental Impact
AR-2022-COMP009,Safety Concerns
AR-2023-COMP009,Financial Compliance
AR-2023-COMP009,Safety Concerns
AR-2024-COMP009,Operational Efficiency
AR-2025-COMP009,Safety Concerns
AR-2026-COMP009,Financial Compliance
AR-2026-COMP009,Safety Concerns
AR-2026-COMP009,Operational Efficiency
AR-2026-COMP009,Financial Compliance
AR-2026-COMP009,Environmental Impact
AR-2021-COMP010,Operational Efficiency
AR-2021-COMP010,Financial Compliance
AR-2021-COMP010,Financial Compliance
AR-2021-COMP010,Safety Concerns
AR-2023-COMP010,Regulatory Compliance
AR-2023-COMP010,Operational Efficiency
AR-2023-COMP010,Regulatory Compliance
AR-2024-COMP010,Regulatory Compliance
AR-2025-COMP010,Environmental Impact
AR-2025-COMP010,Environmental Impact
AR-2025-COMP010,Operational Efficiency
AR-2025-COMP010,Financial Compliance
AR-2025-COMP010,Financial Compliance
AR-2026-COMP010,Safety Concerns
AR-2026-COMP010,Financial Compliance
AR-2026-COMP010,Financial Compliance
AR-2026-COMP010,Safety Concerns
AR-2026-COMP010,Environmental Impact
AR-2021-COMP011,Operational Efficiency
AR-2021-COMP011,Operational Efficiency
AR-2021-COMP011,Safety Concerns
AR-2021-COMP011,Operational Efficiency
AR-2022-COMP011,Environmental Impact
AR-2022-COMP011,Financial Compliance
AR-2022-COMP011,Regulatory Compliance
AR-2022-COMP011,Regulatory Compliance
AR-2023-COMP011,Environmental Impact
AR-2023-COMP011,Environmental Impact
AR-2024-COMP011,Environmental Impact
AR-2024-COMP011,Environmental Impact
AR-2026-COMP011,Financial Compliance
AR-2021-COMP012,Environmental Impact
AR-2021-COMP012,Environmental Impact
AR-2021-COMP012,Environmental Impact
AR-2021-COMP012,Operational Efficiency
AR-2022-COMP012,Environmental Impact
AR-2022-COMP012,Safety Concerns
AR-2023-COMP012,Environmental Impact
AR-2023-COMP012,Operational Efficiency
AR-2023-COMP012,Environmental Impact
AR-2024-COMP012,Financial Compliance
AR-2024-COMP012,Safety Concerns
AR-2025-COMP012,Operational Efficiency
AR-2025-COMP012,Financial Compliance
AR-2025-COMP012,Operational Efficiency
AR-2025-COMP012,Regulatory Compliance
AR-2021-COMP013,Operational Efficiency
AR-2021-COMP013,Operational Efficiency
AR-2022-COMP013,Safety Concerns
AR-2022-COMP013,Operational Efficiency
AR-2023-COMP013,Environmental Impact
AR-2023-COMP013,Regulatory Compliance
AR-2024-COMP013,Environmental Impact
AR-2024-COMP013,Regulatory Compliance
AR-2025-COMP013,Safety Concerns
AR-2022-COMP014,Financial Compliance
AR-2023-COMP014,Environmental Impact
AR-2023-COMP014,Financial Compliance
AR-2023-COMP014,Regulatory Compliance
AR-2023-COMP014,Safety Concerns
AR-2024-COMP014,Safety Concerns
AR-2024-COMP014,Environmental Impact
AR-2024-COMP014,Environmental Impact
AR-2025-COMP014,Operational Efficiency
AR-2026-COMP014,Safety Concerns
AR-2026-COMP014,Financial Compliance
AR-2026-COMP014,Operational Efficiency
AR-2021-COMP015,Regulatory Compliance
AR-2022-COMP015,Safety Concerns
AR-2023-COMP015,Financial Compliance
AR-2023-COMP015,Safety Concerns
AR-2023-COMP015,Environmental Impact
AR-2024-COMP015,Environmental Impact
AR-2024-COMP015,Financial Compliance
AR-2025-COMP015,Environmental Impact
AR-2025-COMP015,Regulatory Compliance
AR-2025-COMP015,Environmental Impact
AR-2025-COMP015,Operational Efficiency
AR-2025-COMP015,Safety Concerns
AR-2026-COMP015,Operational Efficiency
AR-2026-COMP015,Safety Concerns
AR-2021-COMP016,Regulatory Compliance
AR-2021-COMP016,Operational Efficiency
AR-2021-COMP016,Financial Compliance
AR-2021-COMP016,Regulatory Compliance
AR-2021-COMP016,Financial Compliance
AR-2022-COMP016,Environmental Impact
AR-2022-COMP016,Regulatory Compliance
AR-2022-COMP016,Operational Efficiency
AR-2022-COMP016,Regulatory Compliance
AR-2022-COMP016,Financial Compliance
AR-2023-COMP016,Environmental Impact
AR-2023-COMP016,Environmental Impact
AR-2024-COMP016,Operational Efficiency
AR-2024-COMP016,Operational Efficiency
AR-2024-COMP016,Financial Compliance
AR-2025-COMP016,Regulatory Compliance
AR-2025-COMP016,Regulatory Compliance
AR-2025-COMP016,Financial Compliance
AR-2025-COMP016,Financial Compliance
AR-2025-COMP016,Safety Concerns
AR-2026-COMP016,Environmental Impact
AR-2026-COMP016,Safety Concerns
AR-2026-COMP016,Financial Compliance
AR-2026-COMP016,Regulatory Compliance
AR-2026-COMP016,Environmental Impact
AR-2021-COMP017,Environmental Impact
AR-2021-COMP017,Financial Compliance
AR-2021-COMP017,Operational Efficiency
AR-2021-COMP017,Safety Concerns
AR-2021-COMP017,Regulatory Compliance
AR-2022-COMP017,Safety Concerns
AR-2024-COMP017,Environmental Impact
AR-2024-COMP017,Operational Efficiency
AR-2024-COMP017,Regulatory Compliance
AR-2024-COMP017,Financial Compliance
AR-2024-COMP017,Safety Concerns
AR-2025-COMP017,Regulatory Compliance
AR-2025-COMP017,Environmental Impact
AR-2025-COMP017,Regulatory Compliance
AR-2025-COMP017,Operational Efficiency
AR-2025-COMP017,Financial Compliance
AR-2026-COMP017,Regulatory Compliance
AR-2026-COMP017,Operational Efficiency
AR-2021-COMP018,Safety Concerns
AR-2022-COMP018,Regulatory Compliance
AR-2022-COMP018,Regulatory Compliance
AR-2022-COMP018,Regulatory Compliance
AR-2022-COMP018,Environmental Impact
AR-2022-COMP018,Operational Efficiency
AR-2024-COMP018,Regulatory Compliance
AR-2024-COMP018,Regulatory Compliance
AR-2026-COMP018,Operational Efficiency
AR-2026-COMP018,Regulatory Compliance
AR-2026-COMP018,Financial Compliance
AR-2021-COMP019,Operational Efficiency
AR-2021-COMP019,Regulatory Compliance
AR-2021-COMP019,Safety Concerns
AR-2021-COMP019,Environmental Impact
AR-2022-COMP019,Financial Compliance
AR-2022-COMP019,Environmental Impact
AR-2024-COMP019,Safety Concerns
AR-2024-COMP019,Safety Concerns
AR-2025-COMP019,Regulatory Compliance
AR-2026-COMP019,Financial Compliance
AR-2026-COMP019,Environmental Impact
AR-2026-COMP019,Environmental Impact
AR-2022-COMP020,Financial Compliance
AR-2022-COMP020,Environmental Impact
AR-2022-COMP020,Regulatory Compliance
AR-2022-COMP020,Financial Compliance
AR-2022-COMP020,Regulatory Compliance
AR-2023-COMP020,Financial Compliance
AR-2023-COMP020,Regulatory Compliance
AR-2024-COMP020,Operational Efficiency
AR-2025-COMP020,Operational Efficiency
AR-2025-COMP020,Regulatory Compliance
AR-2025-COMP020,Regulatory Compliance
AR-2025-COMP020,Regulatory Compliance
AR-2026-COMP020,Environmental Impact
AR-2026-COMP020,Regulatory Compliance
AR-2026-COMP020,Safety Concerns
AR-2026-COMP020,Financial Compliance
AR-2022-COMP021,Financial Compliance
AR-2022-COMP021,Safety Concerns
AR-2024-COMP021,Financial Compliance
AR-2024-COMP021,Environmental Impact
AR-2024-COMP021,Environmental Impact
AR-2024-COMP021,Regulatory Compliance
AR-2024-COMP021,Operational Efficiency
AR-2025-COMP021,Operational Efficiency
AR-2025-COMP021,Safety Concerns
AR-2025-COMP021,Environmental Impact
AR-2025-COMP021,Safety Concerns
AR-2025-COMP021,Operational Efficiency
AR-2026-COMP021,Regulatory Compliance
AR-2026-COMP021,Operational Efficiency
AR-2026-COMP021,Regulatory Compliance
AR-2021-COMP022,Environmental Impact
AR-2021-COMP022,Regulatory Compliance
AR-2021-COMP022,Operational Efficiency
AR-2021-COMP022,Safety Concerns
AR-2022-COMP022,Financial Compliance
AR-2022-COMP022,Environmental Impact
AR-2022-COMP022,Operational Efficiency
AR-2022-COMP022,Environmental Impact
AR-2022-COMP022,Environmental Impact
AR-2023-COMP022,Regulatory Compliance
AR-2023-COMP022,Safety Concerns
AR-2023-COMP022,Regulatory Compliance
AR-2024-COMP022,Regulatory Compliance
AR-2025-COMP022,Financial Compliance
AR-2025-COMP022,Operational Efficiency
AR-2026-COMP022,Environmental Impact
AR-2026-COMP022,Financial Compliance
AR-2026-COMP022,Regulatory Compliance
AR-2021-COMP023,Safety Concerns
AR-2021-COMP023,Environmental Impact
AR-2021-COMP023,Operational Efficiency
AR-2021-COMP023,Regulatory Compliance
AR-2021-COMP023,Operational Efficiency
AR-2022-COMP023,Safety Concerns
AR-2022-COMP023,Regulatory Compliance
AR-2022-COMP023,Financial Compliance
AR-2022-COMP023,Financial Compliance
AR-2022-COMP023,Operational Efficiency
AR-2023-COMP023,Environmental Impact
AR-2024-COMP023,Environmental Impact
AR-2024-COMP023,Environmental Impact
AR-2025-COMP023,Regulatory Compliance
AR-2026-COMP023,Regulatory Compliance
AR-2026-COMP023,Operational Efficiency
AR-2026-COMP023,Safety Concerns
AR-2021-COMP024,Environmental Impact
AR-2022-COMP024,Operational Efficiency
AR-2023-COMP024,Financial Compliance
AR-2023-COMP024,Regulatory Compliance
AR-2023-COMP024,Financial Compliance
AR-2023-COMP024,Regulatory Compliance
AR-2023-COMP024,Safety Concerns
AR-2024-COMP024,Operational Efficiency
AR-2024-COMP024,Financial Compliance
AR-2024-COMP024,Financial Compliance
AR-2025-COMP024,Financial Compliance
AR-2025-COMP024,Safety Concerns
AR-2025-COMP024,Operational Efficiency
AR-2025-COMP024,Environmental Impact
AR-2026-COMP024,Operational Efficiency
AR-2026-COMP024,Environmental Impact
AR-2026-COMP024,Regulatory Compliance
AR-2026-COMP024,Operational Efficiency
AR-2021-COMP025,Regulatory Compliance
AR-2021-COMP025,Regulatory Compliance
AR-2021-COMP025,Operational Efficiency
AR-2024-COMP025,Regulatory Compliance
AR-2024-COMP025,Operational Efficiency
AR-2024-COMP025,Financial Compliance
AR-2025-COMP025,Environmental Impact
AR-2025-COMP025,Operational Efficiency
AR-2026-COMP025,Safety Concerns
AR-2026-COMP025,Financial Compliance
AR-2026-COMP025,Operational Efficiency
AR-2022-COMP026,Regulatory Compliance
AR-2022-COMP026,Financial Compliance
AR-2023-COMP026,Operational Efficiency
AR-2023-COMP026,Environmental Impact
AR-2023-COMP026,Financial Compliance
AR-2023-COMP026,Financial Compliance
AR-2025-COMP026,Regulatory Compliance
AR-2025-COMP026,Financial Compliance
AR-2026-COMP026,Safety Concerns
AR-2026-COMP026,Safety Concerns
AR-2026-COMP026,Safety Concerns
AR-2026-COMP026,Regulatory Compliance
AR-2022-COMP027,Financial Compliance
AR-2022-COMP027,Environmental Impact
AR-2022-COMP027,Safety Concerns
AR-2023-COMP027,Safety Concerns
AR-2023-COMP027,Financial Compliance
AR-2025-COMP027,Safety Concerns
AR-2025-COMP027,Regulatory Compliance
AR-2026-COMP027,Operational Efficiency
AR-2026-COMP027,Environmental Impact
AR-2026-COMP027,Operational Efficiency
AR-2026-COMP027,Regulatory Compliance
AR-2026-COMP027,Operational Efficiency
AR-2021-COMP028,Operational Efficiency
AR-2021-COMP028,Safety Concerns
AR-2022-COMP028,Safety Concerns
AR-2022-COMP028,Regulatory Compliance
AR-2022-COMP028,Operational Efficiency
AR-2022-COMP028,Environmental Impact
AR-2023-COMP028,Environmental Impact
AR-2024-COMP028,Financial Compliance
AR-2024-COMP028,Safety Concerns
AR-2024-COMP028,Safety Concerns
AR-2024-COMP028,Environmental Impact
AR-2024-COMP028,Financial Compliance
AR-2025-COMP028,Safety Concerns
AR-2025-COMP028,Environmental Impact
AR-2025-COMP028,Environmental Impact
AR-2025-COMP028,Environmental Impact
AR-2025-COMP028,Safety Concerns
AR-2021-COMP029,Financial Compliance
AR-2021-COMP029,Regulatory Compliance
AR-2022-COMP029,Environmental Impact
AR-2022-COMP029,Environmental Impact
AR-2022-COMP029,Financial Compliance
AR-2022-COMP029,Operational Efficiency
AR-2022-COMP029,Operational Efficiency
AR-2023-COMP029,Safety Concerns
AR-2023-COMP029,Regulatory Compliance
AR-2024-COMP029,Operational Efficiency
AR-2024-COMP029,Regulatory Compliance
AR-2024-COMP029,Financial Compliance
AR-2025-COMP029,Operational Efficiency
AR-2026-COMP029,Regulatory Compliance
AR-2026-COMP029,Operational Efficiency
AR-2026-COMP029,Environmental Impact
AR-2026-COMP029,Regulatory Compliance
AR-2026-COMP029,Environmental Impact
AR-2021-COMP030,Safety Concerns
AR-2024-COMP030,Safety Concerns
AR-2024-COMP030,Regulatory Compliance
AR-2024-COMP030,Environmental Impact
AR-2025-COMP030,Financial Compliance
AR-2025-COMP030,Regulatory Compliance
AR-2026-COMP030,Operational Efficiency
AR-2026-COMP030,Environmental Impact
AR-2026-COMP030,Environmental Impact
AR-2026-COMP030,Operational Efficiency
AR-2026-COMP030,Operational Efficiency
AR-2022-COMP031,Environmental Impact
AR-2023-COMP031,Regulatory Compliance
AR-2024-COMP031,Environmental Impact
AR-2024-COMP031,Safety Concerns
AR-2024-COMP031,Operational Efficiency
AR-2024-COMP031,Financial Compliance
AR-2024-COMP031,Environmental Impact
AR-2025-COMP031,Environmental Impact
AR-2025-COMP031,Regulatory Compliance
AR-2026-COMP031,Operational Efficiency
AR-2026-COMP031,Environmental Impact
AR-2026-COMP031,Environmental Impact
AR-2026-COMP031,Regulatory Compliance
AR-2021-COMP032,Financial Compliance
AR-2022-COMP032,Financial Compliance
AR-2022-COMP032,Financial Compliance
AR-2022-COMP032,Regulatory Compliance
AR-2023-COMP032,Environmental Impact
AR-2021-COMP033,Environmental Impact
AR-2021-COMP033,Financial Compliance
AR-2021-COMP033,Financial Compliance
AR-2021-COMP033,Financial Compliance
AR-2022-COMP033,Financial Compliance
AR-2023-COMP033,Financial Compliance
AR-2024-COMP033,Operational Efficiency
AR-2024-COMP033,Operational Efficiency
AR-2024-COMP033,Safety Concerns
AR-2026-COMP033,Safety Concerns
AR-2026-COMP033,Operational Efficiency
AR-2021-COMP034,Environmental Impact
AR-2021-COMP034,Safety Concerns
AR-2021-COMP034,Financial Compliance
AR-2021-COMP034,Environmental Impact
AR-2021-COMP034,Environmental Impact
AR-2022-COMP034,Regulatory Compliance
AR-2022-COMP034,Operational Efficiency
AR-2023-COMP034,Operational Efficiency
AR-2024-COMP034,Regulatory Compliance
AR-2024-COMP034,Regulatory Compliance
AR-2024-COMP034,Environmental Impact
AR-2024-COMP034,Environmental Impact
AR-2024-COMP034,Environmental Impact
AR-2025-COMP034,Financial Compliance
AR-2025-COMP034,Financial Compliance
AR-2025-COMP034,Financial Compliance
AR-2025-COMP034,Regulatory Compliance
AR-2025-COMP034,Environmental Impact
AR-2021-COMP035,Environmental Impact
AR-2021-COMP035,Regulatory Compliance
AR-2021-COMP035,Environmental Impact
AR-2021-COMP035,Safety Concerns
AR-2021-COMP035,Operational Efficiency
AR-2022-COMP035,Regulatory Compliance
AR-2022-COMP035,Regulatory Compliance
AR-2022-COMP035,Regulatory Compliance
AR-2023-COMP035,Environmental Impact
AR-2023-COMP035,Regulatory Compliance
AR-2023-COMP035,Financial Compliance
AR-2023-COMP035,Regulatory Compliance
AR-2024-COMP035,Regulatory Compliance
AR-2025-COMP035,Safety Concerns
AR-2026-COMP035,Operational Efficiency
AR-2026-COMP035,Regulatory Compliance
AR-2021-COMP036,Safety Concerns
AR-2021-COMP036,Safety Concerns
AR-2021-COMP036,Financial Compliance
AR-2021-COMP036,Safety Concerns
AR-2021-COMP036,Regulatory Compliance
AR-2022-COMP036,Environmental Impact
AR-2022-COMP036,Safety Concerns
AR-2022-COMP036,Regulatory Compliance
AR-2022-COMP036,Regulatory Compliance
AR-2022-COMP036,Operational Efficiency
AR-2023-COMP036,Operational Efficiency
AR-2023-COMP036,Financial Compliance
AR-2023-COMP036,Financial Compliance
AR-2023-COMP036,Operational Efficiency
AR-2025-COMP036,Operational Efficiency
AR-2025-COMP036,Environmental Impact
AR-2025-COMP036,Operational Efficiency
AR-2026-COMP036,Operational Efficiency
AR-2026-COMP036,Environmental Impact
AR-2026-COMP036,Environmental Impact
AR-2021-COMP037,Environmental Impact
AR-2021-COMP037,Operational Efficiency
AR-2021-COMP037,Operational Efficiency
AR-2021-COMP037,Financial Compliance
AR-2023-COMP037,Safety Concerns
AR-2023-COMP037,Safety Concerns
AR-2023-COMP037,Environmental Impact
AR-2023-COMP037,Regulatory Compliance
AR-2023-COMP037,Operational Efficiency
AR-2024-COMP037,Financial Compliance
AR-2024-COMP037,Safety Concerns
AR-2024-COMP037,Regulatory Compliance
AR-2024-COMP037,Safety Concerns
AR-2026-COMP037,Regulatory Compliance
AR-2026-COMP037,Operational Efficiency
AR-2026-COMP037,Safety Concerns
AR-2021-COMP038,Environmental Impact
AR-2021-COMP038,Environmental Impact
AR-2021-COMP038,Environmental Impact
AR-2022-COMP038,Environmental Impact
AR-2022-COMP038,Financial Compliance
AR-2022-COMP038,Financial Compliance
AR-2023-COMP038,Regulatory Compliance
AR-2023-COMP038,Financial Compliance
AR-2023-COMP038,Operational Efficiency
AR-2023-COMP038,Environmental Impact
AR-2025-COMP038,Operational Efficiency
AR-2025-COMP038,Safety Concerns
AR-2022-COMP039,Environmental Impact
AR-2023-COMP039,Regulatory Compliance
AR-2025-COMP039,Operational Efficiency
AR-2025-COMP039,Financial Compliance
AR-2025-COMP039,Financial Compliance
AR-2025-COMP039,Environmental Impact
AR-2021-COMP040,Operational Efficiency
AR-2021-COMP040,Financial Compliance
AR-2021-COMP040,Financial Compliance
AR-2022-COMP040,Financial Compliance
AR-2022-COMP040,Regulatory Compliance
AR-2023-COMP040,Regulatory Compliance
AR-2023-COMP040,Safety Concerns
AR-2023-COMP040,Financial Compliance
AR-2023-COMP040,Environmental Impact
AR-2024-COMP040,Operational Efficiency
AR-2024-COMP040,Operational Efficiency
AR-2024-COMP040,Environmental Impact
AR-2026-COMP040,Environmental Impact
AR-2026-COMP040,Regulatory Compliance
AR-2026-COMP040,Operational Efficiency
AR-2021-COMP041,Operational Efficiency
AR-2021-COMP041,Environmental Impact
AR-2021-COMP041,Financial Compliance
AR-2021-COMP041,Financial Compliance
AR-2021-COMP041,Operational Efficiency
AR-2022-COMP041,Financial Compliance
AR-2022-COMP041,Environmental Impact
AR-2022-COMP041,Regulatory Compliance
AR-2022-COMP041,Safety Concerns
AR-2022-COMP041,Financial Compliance
AR-2023-COMP041,Safety Concerns
AR-2023-COMP041,Regulatory Compliance
AR-2023-COMP041,Financial Compliance
AR-2024-COMP041,Financial Compliance
AR-2024-COMP041,Financial Compliance
AR-2024-COMP041,Safety Concerns
AR-2025-COMP041,Safety Concerns
AR-2025-COMP041,Financial Compliance
AR-2026-COMP041,Safety Concerns
AR-2026-COMP041,Safety Concerns
AR-2021-COMP042,Safety Concerns
AR-2021-COMP042,Regulatory Compliance
AR-2021-COMP042,Regulatory Compliance
AR-2021-COMP042,Safety Concerns
AR-2021-COMP042,Operational Efficiency
AR-2022-COMP042,Environmental Impact
AR-2022-COMP042,Financial Compliance
AR-2022-COMP042,Operational Efficiency
AR-2023-COMP042,Environmental Impact
AR-2023-COMP042,Operational Efficiency
AR-2024-COMP042,Regulatory Compliance
AR-2024-COMP042,Safety Concerns
AR-2024-COMP042,Environmental Impact
AR-2026-COMP042,Financial Compliance
AR-2021-COMP043,Regulatory Compliance
AR-2021-COMP043,Safety Concerns
AR-2021-COMP043,Environmental Impact
AR-2021-COMP043,Environmental Impact
AR-2022-COMP043,Operational Efficiency
AR-2023-COMP043,Environmental Impact
AR-2023-COMP043,Environmental Impact
AR-2023-COMP043,Operational Efficiency
AR-2023-COMP043,Safety Concerns
AR-2024-COMP043,Safety Concerns
AR-2024-COMP043,Environmental Impact
AR-2024-COMP043,Regulatory Compliance
AR-2024-COMP043,Environmental Impact
AR-2025-COMP043,Financial Compliance
AR-2025-COMP043,Operational Efficiency
AR-2025-COMP043,Operational Efficiency
AR-2026-COMP043,Financial Compliance
AR-2026-COMP043,Safety Concerns
AR-2026-COMP043,Safety Concerns
AR-2026-COMP043,Environmental Impact
AR-2026-COMP043,Regulatory Compliance
AR-2021-COMP044,Environmental Impact
AR-2021-COMP044,Financial Compliance
AR-2022-COMP044,Safety Concerns
AR-2022-COMP044,Regulatory Compliance
AR-2022-COMP044,Safety Concerns
AR-2023-COMP044,Operational Efficiency
AR-2023-COMP044,Safety Concerns
AR-2023-COMP044,Safety Concerns
AR-2023-COMP044,Regulatory Compliance
AR-2024-COMP044,Environmental Impact
AR-2024-COMP044,Operational Efficiency
AR-2024-COMP044,Financial Compliance
AR-2024-COMP044,Operational Efficiency
AR-2024-COMP044,Environmental Impact
AR-2025-COMP044,Environmental Impact
AR-2025-COMP044,Operational Efficiency
AR-2025-COMP044,Financial Compliance
AR-2026-COMP044,Safety Concerns
AR-2026-COMP044,Operational Efficiency
AR-2026-COMP044,Environmental Impact
AR-2026-COMP044,Financial Compliance
AR-2021-COMP045,Operational Efficiency
AR-2021-COMP045,Environmental Impact
AR-2022-COMP045,Regulatory Compliance
AR-2023-COMP045,Safety Concerns
AR-2023-COMP045,Financial Compliance
AR-2023-COMP045,Financial Compliance
AR-2023-COMP045,Safety Concerns
AR-2024-COMP045,Environmental Impact
AR-2024-COMP045,Operational Efficiency
AR-2026-COMP045,Financial Compliance
AR-2026-COMP045,Financial Compliance
AR-2026-COMP045,Operational Efficiency
AR-2026-COMP045,Safety Concerns
AR-2026-COMP045,Regulatory Compliance
AR-2022-COMP046,Operational Efficiency
AR-2022-COMP046,Safety Concerns
AR-2022-COMP046,Financial Compliance
AR-2024-COMP046,Environmental Impact
AR-2025-COMP046,Financial Compliance
AR-2026-COMP046,Regulatory Compliance
AR-2026-COMP046,Safety Concerns
AR-2026-COMP046,Operational Efficiency
AR-2022-COMP047,Safety Concerns
AR-2023-COMP047,Operational Efficiency
AR-2023-COMP047,Environmental Impact
AR-2023-COMP047,Regulatory Compliance
AR-2024-COMP047,Regulatory Compliance
AR-2024-COMP047,Environmental Impact
AR-2025-COMP047,Operational Efficiency
AR-2025-COMP047,Financial Compliance
AR-2025-COMP047,Environmental Impact
AR-2025-COMP047,Environmental Impact
AR-2025-COMP047,Safety Concerns
AR-2026-COMP047,Regulatory Compliance
AR-2026-COMP047,Environmental Impact
AR-2026-COMP047,Regulatory Compliance
AR-2026-COMP047,Safety Concerns
AR-2026-COMP047,Safety Concerns
AR-2021-COMP048,Safety Concerns
AR-2021-COMP048,Regulatory Compliance
AR-2021-COMP048,Financial Compliance
AR-2021-COMP048,Operational Efficiency
AR-2021-COMP048,Financial Compliance
AR-2022-COMP048,Operational Efficiency
AR-2022-COMP048,Safety Concerns
AR-2022-COMP048,Regulatory Compliance
AR-2023-COMP048,Regulatory Compliance
AR-2024-COMP048,Environmental Impact
AR-2024-COMP048,Operational Efficiency
AR-2024-COMP048,Regulatory Compliance
AR-2024-COMP048,Environmental Impact
AR-2025-COMP048,Regulatory Compliance
AR-2025-COMP048,Safety Concerns
AR-2025-COMP048,Operational Efficiency
AR-2025-COMP048,Operational Efficiency
AR-2025-COMP048,Environmental Impact
AR-2026-COMP048,Environmental Impact
AR-2026-COMP048,Regulatory Compliance
AR-2026-COMP048,Operational Efficiency
AR-2026-COMP048,Financial Compliance
AR-2026-COMP048,Environmental Impact
AR-2021-COMP049,Operational Efficiency
AR-2021-COMP049,Safety Concerns
AR-2021-COMP049,Safety Concerns
AR-2021-COMP049,Safety Concerns
AR-2024-COMP049,Environmental Impact
AR-2024-COMP049,Safety Concerns
AR-2024-COMP049,Safety Concerns
AR-2025-COMP049,Operational Efficiency
AR-2025-COMP049,Environmental Impact
AR-2025-COMP049,Regulatory Compliance
AR-2025-COMP049,Environmental Impact
AR-2026-COMP049,Regulatory Compliance
AR-2026-COMP049,Regulatory Compliance
AR-2026-COMP049,Operational Efficiency
AR-2026-COMP049,Regulatory Compliance
AR-2021-COMP050,Safety Concerns
AR-2021-COMP050,Financial Compliance
AR-2021-COMP050,Safety Concerns
AR-2021-COMP050,Regulatory Compliance
AR-2021-COMP050,Safety Concerns
AR-2023-COMP050,Operational Efficiency
AR-2023-COMP050,Safety Concerns
AR-2023-COMP050,Safety Concerns
AR-2024-COMP050,Environmental Impact
AR-2024-COMP050,Operational Efficiency
AR-2024-COMP050,Safety Concerns
AR-2025-COMP050,Environmental Impact
AR-2025-COMP050,Financial Compliance
AR-2025-COMP050,Operational Efficiency
AR-2026-COMP050,Operational Efficiency
AR-2026-COMP050,Operational Efficiency
AR-2026-COMP050,Operational Efficiency
AR-2026-COMP050,Safety Concerns
AR-2026-COMP050,Safety Concerns
AR-2021-COMP051,Environmental Impact
AR-2021-COMP051,Safety Concerns
AR-2021-COMP051,Safety Concerns
AR-2021-COMP051,Regulatory Compliance
AR-2022-COMP051,Financial Compliance
AR-2022-COMP051,Environmental Impact
AR-2023-COMP051,Financial Compliance
AR-2023-COMP051,Regulatory Compliance
AR-2023-COMP051,Environmental Impact
AR-2023-COMP051,Environmental Impact
AR-2023-COMP051,Financial Compliance
AR-2024-COMP051,Regulatory Compliance
AR-2024-COMP051,Regulatory Compliance
AR-2024-COMP051,Financial Compliance
AR-2024-COMP051,Operational Efficiency
AR-2025-COMP051,Operational Efficiency
AR-2025-COMP051,Safety Concerns
AR-2025-COMP051,Environmental Impact
AR-2025-COMP051,Operational Efficiency
AR-2026-COMP051,Operational Efficiency
AR-2021-COMP052,Safety Concerns
AR-2021-COMP052,Operational Efficiency
AR-2022-COMP052,Safety Concerns
AR-2023-COMP052,Safety Concerns
AR-2023-COMP052,Safety Concerns
AR-2023-COMP052,Regulatory Compliance
AR-2023-COMP052,Regulatory Compliance
AR-2023-COMP052,Environmental Impact
AR-2025-COMP052,Regulatory Compliance
AR-2026-COMP052,Safety Concerns
AR-2026-COMP052,Safety Concerns
AR-2026-COMP052,Financial Compliance
AR-2026-COMP052,Operational Efficiency
AR-2022-COMP053,Financial Compliance
AR-2022-COMP053,Environmental Impact
AR-2023-COMP053,Regulatory Compliance
AR-2023-COMP053,Safety Concerns
AR-2023-COMP053,Safety Concerns
AR-2024-COMP053,Financial Compliance
AR-2024-COMP053,Financial Compliance
AR-2025-COMP053,Safety Concerns
AR-2025-COMP053,Safety Concerns
AR-2025-COMP053,Safety Concerns
AR-2026-COMP053,Financial Compliance
AR-2026-COMP053,Regulatory Compliance
AR-2021-COMP054,Regulatory Compliance
AR-2021-COMP054,Operational Efficiency
AR-2021-COMP054,Safety Concerns
AR-2021-COMP054,Safety Concerns
AR-2022-COMP054,Safety Concerns
AR-2023-COMP054,Safety Concerns
AR-2023-COMP054,Safety Concerns
AR-2024-COMP054,Operational Efficiency
AR-2024-COMP054,Operational Efficiency
AR-2024-COMP054,Regulatory Compliance
AR-2024-COMP054,Financial Compliance
AR-2024-COMP054,Regulatory Compliance
AR-2025-COMP054,Operational Efficiency
AR-2025-COMP054,Financial Compliance
AR-2021-COMP055,Safety Concerns
AR-2021-COMP055,Safety Concerns
AR-2021-COMP055,Safety Concerns
AR-2021-COMP055,Operational Efficiency
AR-2022-COMP055,Regulatory Compliance
AR-2022-COMP055,Environmental Impact
AR-2022-COMP055,Safety Concerns
AR-2026-COMP055,Environmental Impact
AR-2026-COMP055,Financial Compliance
AR-2026-COMP055,Environmental Impact
AR-2026-COMP055,Financial Compliance
AR-2021-COMP056,Environmental Impact
AR-2021-COMP056,Safety Concerns
AR-2021-COMP056,Operational Efficiency
AR-2021-COMP056,Operational Efficiency
AR-2023-COMP056,Environmental Impact
AR-2025-COMP056,Regulatory Compliance
AR-2025-COMP056,Environmental Impact
AR-2025-COMP056,Regulatory Compliance
AR-2026-COMP056,Financial Compliance
AR-2026-COMP056,Environmental Impact
AR-2026-COMP056,Environmental Impact
AR-2026-COMP056,Environmental Impact
AR-2021-COMP057,Regulatory Compliance
AR-2021-COMP057,Regulatory Compliance
AR-2021-COMP057,Regulatory Compliance
AR-2022-COMP057,Environmental Impact
AR-2022-COMP057,Safety Concerns
AR-2023-COMP057,Safety Concerns
AR-2023-COMP057,Safety Concerns
AR-2023-COMP057,Environmental Impact
AR-2024-COMP057,Operational Efficiency
AR-2024-COMP057,Regulatory Compliance
AR-2024-COMP057,Environmental Impact
AR-2025-COMP057,Regulatory Compliance
AR-2025-COMP057,Operational Efficiency
AR-2025-COMP057,Regulatory Compliance
AR-2025-COMP057,Environmental Impact
AR-2026-COMP057,Financial Compliance
AR-2026-COMP057,Environmental Impact
AR-2026-COMP057,Financial Compliance
AR-2026-COMP057,Regulatory Compliance
AR-2026-COMP057,Financial Compliance
AR-2021-COMP058,Regulatory Compliance
AR-2021-COMP058,Financial Compliance
AR-2021-COMP058,Financial Compliance
AR-2022-COMP058,Financial Compliance
AR-2022-COMP058,Regulatory Compliance
AR-2022-COMP058,Regulatory Compliance
AR-2023-COMP058,Financial Compliance
AR-2023-COMP058,Financial Compliance
AR-2024-COMP058,Operational Efficiency
AR-2024-COMP058,Financial Compliance
AR-2025-COMP058,Operational Efficiency
AR-2026-COMP058,Financial Compliance
AR-2021-COMP059,Financial Compliance
AR-2021-COMP059,Financial Compliance
AR-2021-COMP059,Operational Efficiency
AR-2021-COMP059,Environmental Impact
AR-2022-COMP059,Safety Concerns
AR-2022-COMP059,Regulatory Compliance
AR-2022-COMP059,Operational Efficiency
AR-2022-COMP059,Safety Concerns
AR-2024-COMP059,Operational Efficiency
AR-2024-COMP059,Environmental Impact
AR-2024-COMP059,Regulatory Compliance
AR-2024-COMP059,Safety Concerns
AR-2025-COMP059,Regulatory Compliance
AR-2025-COMP059,Safety Concerns
AR-2025-COMP059,Safety Concerns
AR-2025-COMP059,Safety Concerns
AR-2026-COMP059,Operational Efficiency
AR-2026-COMP059,Regulatory Compliance
AR-2021-COMP060,Financial Compliance
AR-2021-COMP060,Financial Compliance
AR-2021-COMP060,Environmental Impact
AR-2021-COMP060,Safety Concerns
AR-2022-COMP060,Financial Compliance
AR-2023-COMP060,Operational Efficiency
AR-2024-COMP060,Operational Efficiency
AR-2024-COMP060,Regulatory Compliance
AR-2024-COMP060,Financial Compliance
AR-2025-COMP060,Environmental Impact
AR-2025-COMP060,Environmental Impact
AR-2025-COMP060,Regulatory Compliance
AR-2026-COMP060,Environmental Impact
AR-2021-COMP061,Operational Efficiency
AR-2021-COMP061,Regulatory Compliance
AR-2022-COMP061,Operational Efficiency
AR-2023-COMP061,Environmental Impact
AR-2023-COMP061,Regulatory Compliance
AR-2023-COMP061,Safety Concerns
AR-2023-COMP061,Safety Concerns
AR-2024-COMP061,Environmental Impact
AR-2024-COMP061,Safety Concerns
AR-2024-COMP061,Environmental Impact
AR-2025-COMP061,Safety Concerns
AR-2026-COMP061,Environmental Impact
AR-2022-COMP062,Safety Concerns
AR-2022-COMP062,Regulatory Compliance
AR-2022-COMP062,Regulatory Compliance
AR-2022-COMP062,Operational Efficiency
AR-2022-COMP062,Regulatory Compliance
AR-2024-COMP062,Environmental Impact
AR-2024-COMP062,Operational Efficiency
AR-2026-COMP062,Financial Compliance
AR-2026-COMP062,Operational Efficiency
AR-2026-COMP062,Safety Concerns
AR-2026-COMP062,Environmental Impact
AR-2026-COMP062,Financial Compliance
AR-2021-COMP063,Operational Efficiency
AR-2021-COMP063,Environmental Impact
AR-2021-COMP063,Financial Compliance
AR-2021-COMP063,Environmental Impact
AR-2022-COMP063,Safety Concerns
AR-2022-COMP063,Regulatory Compliance
AR-2022-COMP063,Regulatory Compliance
AR-2023-COMP063,Operational Efficiency
AR-2023-COMP063,Safety Concerns
AR-2023-COMP063,Financial Compliance
AR-2023-COMP063,Regulatory Compliance
AR-2024-COMP063,Financial Compliance
AR-2024-COMP063,Financial Compliance
AR-2024-COMP063,Safety Concerns
AR-2024-COMP063,Environmental Impact
AR-2025-COMP063,Operational Efficiency
AR-2025-COMP063,Safety Concerns
AR-2026-COMP063,Regulatory Compliance
AR-2021-COMP064,Safety Concerns
AR-2021-COMP064,Financial Compliance
AR-2021-COMP064,Operational Efficiency
AR-2021-COMP064,Financial Compliance
AR-2022-COMP064,Environmental Impact
AR-2022-COMP064,Financial Compliance
AR-2022-COMP064,Regulatory Compliance
AR-2022-COMP064,Regulatory Compliance
AR-2022-COMP064,Environmental Impact
AR-2024-COMP064,Environmental Impact
AR-2024-COMP064,Regulatory Compliance
AR-2024-COMP064,Regulatory Compliance
AR-2026-COMP064,Operational Efficiency
AR-2021-COMP065,Regulatory Compliance
AR-2021-COMP065,Financial Compliance
AR-2022-COMP065,Regulatory Compliance
AR-2022-COMP065,Safety Concerns
AR-2022-COMP065,Operational Efficiency
AR-2023-COMP065,Environmental Impact
AR-2023-COMP065,Safety Concerns
AR-2023-COMP065,Environmental Impact
AR-2024-COMP065,Financial Compliance
AR-2024-COMP065,Safety Concerns
AR-2025-COMP065,Financial Compliance
AR-2025-COMP065,Regulatory Compliance
AR-2025-COMP065,Environmental Impact
AR-2025-COMP065,Operational Efficiency
AR-2025-COMP065,Financial Compliance
AR-2021-COMP066,Operational Efficiency
AR-2021-COMP066,Regulatory Compliance
AR-2022-COMP066,Operational Efficiency
AR-2022-COMP066,Operational Efficiency
AR-2022-COMP066,Safety Concerns
AR-2022-COMP066,Financial Compliance
AR-2023-COMP066,Regulatory Compliance
AR-2024-COMP066,Safety Concerns
AR-2024-COMP066,Environmental Impact
AR-2026-COMP066,Environmental Impact
AR-2026-COMP066,Financial Compliance
AR-2026-COMP066,Environmental Impact
AR-2026-COMP066,Financial Compliance
AR-2026-COMP066,Environmental Impact
AR-2021-COMP067,Operational Efficiency
AR-2021-COMP067,Financial Compliance
AR-2021-COMP067,Regulatory Compliance
AR-2021-COMP067,Safety Concerns
AR-2022-COMP067,Financial Compliance
AR-2022-COMP067,Operational Efficiency
AR-2022-COMP067,Safety Concerns
AR-2022-COMP067,Regulatory Compliance
AR-2022-COMP067,Regulatory Compliance
AR-2023-COMP067,Operational Efficiency
AR-2023-COMP067,Regulatory Compliance
AR-2023-COMP067,Environmental Impact
AR-2024-COMP067,Operational Efficiency
AR-2024-COMP067,Financial Compliance
AR-2024-COMP067,Financial Compliance
AR-2025-COMP067,Environmental Impact
AR-2025-COMP067,Financial Compliance
AR-2025-COMP067,Operational Efficiency
AR-2025-COMP067,Operational Efficiency
AR-2026-COMP067,Safety Concerns
AR-2026-COMP067,Regulatory Compliance
AR-2026-COMP067,Operational Efficiency
AR-2026-COMP067,Safety Concerns
AR-2021-COMP068,Financial Compliance
AR-2021-COMP068,Safety Concerns
AR-2022-COMP068,Operational Efficiency
AR-2022-COMP068,Environmental Impact
AR-2022-COMP068,Operational Efficiency
AR-2022-COMP068,Regulatory Compliance
AR-2022-COMP068,Safety Concerns
AR-2023-COMP068,Environmental Impact
AR-2023-COMP068,Safety Concerns
AR-2023-COMP068,Regulatory Compliance
AR-2023-COMP068,Regulatory Compliance
AR-2024-COMP068,Operational Efficiency
AR-2024-COMP068,Environmental Impact
AR-2024-COMP068,Safety Concerns
AR-2024-COMP068,Safety Concerns
AR-2024-COMP068,Financial Compliance
AR-2026-COMP068,Regulatory Compliance
AR-2021-COMP069,Regulatory Compliance
AR-2021-COMP069,Environmental Impact
AR-2021-COMP069,Safety Concerns
AR-2021-COMP069,Regulatory Compliance
AR-2022-COMP069,Safety Concerns
AR-2022-COMP069,Regulatory Compliance
AR-2024-COMP069,Safety Concerns
AR-2024-COMP069,Environmental Impact
AR-2026-COMP069,Operational Efficiency
AR-2026-COMP069,Operational Efficiency
AR-2026-COMP069,Safety Concerns
AR-2026-COMP069,Financial Compliance
AR-2021-COMP070,Regulatory Compliance
AR-2022-COMP070,Environmental Impact
AR-2022-COMP070,Safety Concerns
AR-2022-COMP070,Regulatory Compliance
AR-2022-COMP070,Regulatory Compliance
AR-2023-COMP070,Operational Efficiency
AR-2023-COMP070,Regulatory Compliance
AR-2023-COMP070,Regulatory Compliance
AR-2023-COMP070,Financial Compliance
AR-2024-COMP070,Safety Concerns
AR-2024-COMP070,Financial Compliance
AR-2025-COMP070,Operational Efficiency
AR-2025-COMP070,Financial Compliance
AR-2025-COMP070,Operational Efficiency
AR-2025-COMP070,Regulatory Compliance
AR-2025-COMP070,Operational Efficiency
AR-2026-COMP070,Financial Compliance
AR-2026-COMP070,Financial Compliance
AR-2021-COMP071,Financial Compliance
AR-2021-COMP071,Environmental Impact
AR-2021-COMP071,Financial Compliance
AR-2022-COMP071,Operational Efficiency
AR-2022-COMP071,Safety Concerns
AR-2022-COMP071,Regulatory Compliance
AR-2023-COMP071,Operational Efficiency
AR-2024-COMP071,Financial Compliance
AR-2024-COMP071,Safety Concerns
AR-2024-COMP071,Operational Efficiency
AR-2024-COMP071,Operational Efficiency
AR-2025-COMP071,Operational Efficiency
AR-2026-COMP071,Operational Efficiency
AR-2026-COMP071,Operational Efficiency
AR-2021-COMP072,Safety Concerns
AR-2021-COMP072,Regulatory Compliance
AR-2021-COMP072,Safety Concerns
AR-2021-COMP072,Financial Compliance
AR-2022-COMP072,Safety Concerns
AR-2022-COMP072,Operational Efficiency
AR-2023-COMP072,Operational Efficiency
AR-2023-COMP072,Financial Compliance
AR-2023-COMP072,Environmental Impact
AR-2024-COMP072,Financial Compliance
AR-2026-COMP072,Operational Efficiency
AR-2021-COMP073,Environmental Impact
AR-2021-COMP073,Environmental Impact
AR-2021-COMP073,Environmental Impact
AR-2021-COMP073,Financial Compliance
AR-2022-COMP073,Safety Concerns
AR-2022-COMP073,Environmental Impact
AR-2023-COMP073,Environmental Impact
AR-2023-COMP073,Operational Efficiency
AR-2024-COMP073,Regulatory Compliance
AR-2024-COMP073,Safety Concerns
AR-2024-COMP073,Financial Compliance
AR-2025-COMP073,Operational Efficiency
AR-2025-COMP073,Safety Concerns
AR-2025-COMP073,Regulatory Compliance
AR-2025-COMP073,Financial Compliance
AR-2021-COMP074,Regulatory Compliance
AR-2021-COMP074,Operational Efficiency
AR-2021-COMP074,Operational Efficiency
AR-2021-COMP074,Financial Compliance
AR-2022-COMP074,Regulatory Compliance
AR-2022-COMP074,Operational Efficiency
AR-2022-COMP074,Environmental Impact
AR-2023-COMP074,Operational Efficiency
AR-2023-COMP074,Safety Concerns
AR-2023-COMP074,Operational Efficiency
AR-2024-COMP074,Environmental Impact
AR-2024-COMP074,Environmental Impact
AR-2024-COMP074,Environmental Impact
AR-2024-COMP074,Environmental Impact
AR-2025-COMP074,Safety Concerns
AR-2026-COMP074,Safety Concerns
AR-2026-COMP074,Environmental Impact
AR-2026-COMP074,Financial Compliance
AR-2026-COMP074,Regulatory Compliance
AR-2026-COMP074,Operational Efficiency
AR-2021-COMP075,Financial Compliance
AR-2022-COMP075,Safety Concerns
AR-2022-COMP075,Environmental Impact
AR-2023-COMP075,Regulatory Compliance
AR-2024-COMP075,Environmental Impact
AR-2024-COMP075,Operational Efficiency
AR-2024-COMP075,Operational Efficiency
AR-2025-COMP075,Regulatory Compliance
AR-2025-COMP075,Operational Efficiency
AR-2025-COMP075,Financial Compliance
AR-2025-COMP075,Operational Efficiency
AR-2026-COMP075,Financial Compliance
AR-2026-COMP075,Safety Concerns
AR-2026-COMP075,Environmental Impact
AR-2026-COMP075,Regulatory Compliance
AR-2022-COMP076,Environmental Impact
AR-2022-COMP076,Operational Efficiency
AR-2022-COMP076,Environmental Impact
AR-2023-COMP076,Regulatory Compliance
AR-2023-COMP076,Safety Concerns
AR-2023-COMP076,Financial Compliance
AR-2023-COMP076,Financial Compliance
AR-2023-COMP076,Environmental Impact
AR-2024-COMP076,Environmental Impact
AR-2024-COMP076,Operational Efficiency
AR-2025-COMP076,Operational Efficiency
AR-2025-COMP076,Safety Concerns
AR-2025-COMP076,Operational Efficiency
AR-2025-COMP076,Regulatory Compliance
AR-2026-COMP076,Regulatory Compliance
AR-2026-COMP076,Environmental Impact
AR-2026-COMP076,Safety Concerns
AR-2026-COMP076,Safety Concerns
AR-2021-COMP077,Operational Efficiency
AR-2021-COMP077,Environmental Impact
AR-2022-COMP077,Environmental Impact
AR-2022-COMP077,Financial Compliance
AR-2022-COMP077,Safety Concerns
AR-2023-COMP077,Regulatory Compliance
AR-2023-COMP077,Safety Concerns
AR-2023-COMP077,Financial Compliance
AR-2023-COMP077,Environmental Impact
AR-2024-COMP077,Safety Concerns
AR-2024-COMP077,Operational Efficiency
AR-2024-COMP077,Environmental Impact
AR-2025-COMP077,Operational Efficiency
AR-2025-COMP077,Regulatory Compliance
AR-2026-COMP077,Regulatory Compliance
AR-2026-COMP077,Regulatory Compliance
AR-2021-COMP078,Safety Concerns
AR-2022-COMP078,Regulatory Compliance
AR-2023-COMP078,Operational Efficiency
AR-2023-COMP078,Financial Compliance
AR-2023-COMP078,Financial Compliance
AR-2025-COMP078,Environmental Impact
AR-2025-COMP078,Financial Compliance
AR-2026-COMP078,Operational Efficiency
AR-2026-COMP078,Financial Compliance
AR-2022-COMP079,Operational Efficiency
AR-2022-COMP079,Safety Concerns
AR-2022-COMP079,Financial Compliance
AR-2022-COMP079,Regulatory Compliance
AR-2022-COMP079,Regulatory Compliance
AR-2024-COMP079,Regulatory Compliance
AR-2024-COMP079,Safety Concerns
AR-2024-COMP079,Environmental Impact
AR-2024-COMP079,Safety Concerns
AR-2024-COMP079,Financial Compliance
AR-2025-COMP079,Environmental Impact
AR-2025-COMP079,Operational Efficiency
AR-2021-COMP080,Operational Efficiency
AR-2022-COMP080,Safety Concerns
AR-2022-COMP080,Financial Compliance
AR-2022-COMP080,Safety Concerns
AR-2023-COMP080,Environmental Impact
AR-2023-COMP080,Safety Concerns
AR-2023-COMP080,Environmental Impact
AR-2024-COMP080,Environmental Impact
AR-2024-COMP080,Regulatory Compliance
AR-2025-COMP080,Regulatory Compliance
AR-2025-COMP080,Environmental Impact
AR-2025-COMP080,Operational Efficiency
AR-2025-COMP080,Regulatory Compliance
AR-2026-COMP080,Financial Compliance
AR-2026-COMP080,Safety Concerns
AR-2026-COMP080,Operational Efficiency
AR-2026-COMP080,Safety Concerns
AR-2026-COMP080,Operational Efficiency
AR-2023-COMP081,Safety Concerns
AR-2023-COMP081,Environmental Impact
AR-2024-COMP081,Safety Concerns
AR-2024-COMP081,Safety Concerns
AR-2024-COMP081,Financial Compliance
AR-2024-COMP081,Environmental Impact
AR-2024-COMP081,Environmental Impact
AR-2025-COMP081,Environmental Impact
AR-2021-COMP082,Financial Compliance
AR-2021-COMP082,Environmental Impact
AR-2021-COMP082,Environmental Impact
AR-2021-COMP082,Operational Efficiency
AR-2022-COMP082,Environmental Impact
AR-2022-COMP082,Regulatory Compliance
AR-2022-COMP082,Regulatory Compliance
AR-2023-COMP082,Financial Compliance
AR-2024-COMP082,Environmental Impact
AR-2024-COMP082,Operational Efficiency
AR-2024-COMP082,Environmental Impact
AR-2025-COMP082,Environmental Impact
AR-2025-COMP082,Regulatory Compliance
AR-2026-COMP082,Financial Compliance
AR-2026-COMP082,Environmental Impact
AR-2026-COMP082,Operational Efficiency
AR-2022-COMP083,Regulatory Compliance
AR-2022-COMP083,Safety Concerns
AR-2023-COMP083,Environmental Impact
AR-2023-COMP083,Financial Compliance
AR-2023-COMP083,Regulatory Compliance
AR-2023-COMP083,Environmental Impact
AR-2023-COMP083,Safety Concerns
AR-2024-COMP083,Operational Efficiency
AR-2024-COMP083,Regulatory Compliance
AR-2024-COMP083,Operational Efficiency
AR-2024-COMP083,Environmental Impact
AR-2024-COMP083,Environmental Impact
AR-2025-COMP083,Regulatory Compliance
AR-2025-COMP083,Regulatory Compliance
AR-2025-COMP083,Regulatory Compliance
AR-2025-COMP083,Environmental Impact
AR-2026-COMP083,Environmental Impact
AR-2026-COMP083,Regulatory Compliance
AR-2026-COMP083,Environmental Impact
AR-2026-COMP083,Regulatory Compliance
AR-2021-COMP084,Safety Concerns
AR-2021-COMP084,Regulatory Compliance
AR-2021-COMP084,Regulatory Compliance
AR-2022-COMP084,Operational Efficiency
AR-2022-COMP084,Environmental Impact
AR-2022-COMP084,Operational Efficiency
AR-2022-COMP084,Financial Compliance
AR-2023-COMP084,Regulatory Compliance
AR-2023-COMP084,Operational Efficiency
AR-2023-COMP084,Financial Compliance
AR-2023-COMP084,Regulatory Compliance
AR-2023-COMP084,Environmental Impact
AR-2024-COMP084,Environmental Impact
AR-2024-COMP084,Financial Compliance
AR-2024-COMP084,Regulatory Compliance
AR-2025-COMP084,Regulatory Compliance
AR-2025-COMP084,Safety Concerns
AR-2025-COMP084,Financial Compliance
AR-2025-COMP084,Financial Compliance
AR-2026-COMP084,Safety Concerns
AR-2026-COMP084,Safety Concerns
AR-2026-COMP084,Safety Concerns
AR-2021-COMP085,Operational Efficiency
AR-2021-COMP085,Environmental Impact
AR-2021-COMP085,Financial Compliance
AR-2021-COMP085,Safety Concerns
AR-2022-COMP085,Environmental Impact
AR-2022-COMP085,Regulatory Compliance
AR-2023-COMP085,Financial Compliance
AR-2023-COMP085,Safety Concerns
AR-2023-COMP085,Safety Concerns
AR-2023-COMP085,Safety Concerns
AR-2025-COMP085,Environmental Impact
AR-2025-COMP085,Operational Efficiency
AR-2025-COMP085,Environmental Impact
AR-2026-COMP085,Regulatory Compliance
AR-2026-COMP085,Safety Concerns
AR-2026-COMP085,Safety Concerns
AR-2021-COMP086,Safety Concerns
AR-2021-COMP086,Regulatory Compliance
AR-2024-COMP086,Operational Efficiency
AR-2026-COMP086,Financial Compliance
AR-2021-COMP087,Operational Efficiency
AR-2022-COMP087,Operational Efficiency
AR-2022-COMP087,Safety Concerns
AR-2022-COMP087,Environmental Impact
AR-2022-COMP087,Operational Efficiency
AR-2022-COMP087,Safety Concerns
AR-2023-COMP087,Safety Concerns
AR-2023-COMP087,Financial Compliance
AR-2025-COMP087,Regulatory Compliance
AR-2026-COMP087,Financial Compliance
AR-2026-COMP087,Financial Compliance
AR-2026-COMP087,Operational Efficiency
AR-2021-COMP088,Operational Efficiency
AR-2021-COMP088,Environmental Impact
AR-2021-COMP088,Regulatory Compliance
AR-2022-COMP088,Safety Concerns
AR-2022-COMP088,Regulatory Compliance
AR-2022-COMP088,Safety Concerns
AR-2022-COMP088,Regulatory Compliance
AR-2023-COMP088,Operational Efficiency
AR-2024-COMP088,Environmental Impact
AR-2024-COMP088,Financial Compliance
AR-2024-COMP088,Environmental Impact
AR-2024-COMP088,Safety Concerns
AR-2025-COMP088,Safety Concerns
AR-2025-COMP088,Regulatory Compliance
AR-2025-COMP088,Environmental Impact
AR-2026-COMP088,Regulatory Compliance
AR-2026-COMP088,Operational Efficiency
AR-2021-COMP089,Operational Efficiency
AR-2022-COMP089,Environmental Impact
AR-2022-COMP089,Safety Concerns
AR-2022-COMP089,Safety Concerns
AR-2023-COMP089,Regulatory Compliance
AR-2023-COMP089,Operational Efficiency
AR-2023-COMP089,Regulatory Compliance
AR-2023-COMP089,Environmental Impact
AR-2023-COMP089,Environmental Impact
AR-2024-COMP089,Financial Compliance
AR-2024-COMP089,Financial Compliance
AR-2024-COMP089,Safety Concerns
AR-2024-COMP089,Financial Compliance
AR-2024-COMP089,Environmental Impact
AR-2026-COMP089,Safety Concerns
AR-2026-COMP089,Safety Concerns
AR-2021-COMP090,Financial Compliance
AR-2021-COMP090,Regulatory Compliance
AR-2021-COMP090,Safety Concerns
AR-2022-COMP090,Environmental Impact
AR-2022-COMP090,Operational Efficiency
AR-2022-COMP090,Safety Concerns
AR-2022-COMP090,Regulatory Compliance
AR-2023-COMP090,Operational Efficiency
AR-2024-COMP090,Regulatory Compliance
AR-2024-COMP090,Regulatory Compliance
AR-2026-COMP090,Environmental Impact
AR-2026-COMP090,Regulatory Compliance
AR-2026-COMP090,Safety Concerns
AR-2021-COMP091,Regulatory Compliance
AR-2021-COMP091,Operational Efficiency
AR-2021-COMP091,Financial Compliance
AR-2023-COMP091,Financial Compliance
AR-2023-COMP091,Environmental Impact
AR-2023-COMP091,Regulatory Compliance
AR-2023-COMP091,Safety Concerns
AR-2023-COMP091,Safety Concerns
AR-2024-COMP091,Environmental Impact
AR-2025-COMP091,Financial Compliance
AR-2026-COMP091,Operational Efficiency
AR-2026-COMP091,Regulatory Compliance
AR-2026-COMP091,Environmental Impact
AR-2021-COMP092,Environmental Impact
AR-2021-COMP092,Operational Efficiency
AR-2022-COMP092,Safety Concerns
AR-2024-COMP092,Environmental Impact
AR-2024-COMP092,Operational Efficiency
AR-2025-COMP092,Operational Efficiency
AR-2026-COMP092,Environmental Impact
AR-2022-COMP093,Regulatory Compliance
AR-2023-COMP093,Safety Concerns
AR-2024-COMP093,Financial Compliance
AR-2024-COMP093,Operational Efficiency
AR-2024-COMP093,Financial Compliance
AR-2024-COMP093,Safety Concerns
AR-2024-COMP093,Financial Compliance
AR-2025-COMP093,Operational Efficiency
AR-2025-COMP093,Regulatory Compliance
AR-2025-COMP093,Financial Compliance
AR-2021-COMP094,Regulatory Compliance
AR-2021-COMP094,Financial Compliance
AR-2021-COMP094,Regulatory Compliance
AR-2023-COMP094,Environmental Impact
AR-2023-COMP094,Financial Compliance
AR-2023-COMP094,Safety Concerns
AR-2024-COMP094,Environmental Impact
AR-2024-COMP094,Financial Compliance
AR-2024-COMP094,Regulatory Compliance
AR-2024-COMP094,Operational Efficiency
AR-2024-COMP094,Regulatory Compliance
AR-2025-COMP094,Operational Efficiency
AR-2025-COMP094,Regulatory Compliance
AR-2025-COMP094,Safety Concerns
AR-2025-COMP094,Safety Concerns
AR-2025-COMP094,Safety Concerns
AR-2026-COMP094,Environmental Impact
AR-2026-COMP094,Operational Efficiency
AR-2021-COMP095,Environmental Impact
AR-2021-COMP095,Safety Concerns
AR-2022-COMP095,Regulatory Compliance
AR-2024-COMP095,Safety Concerns
AR-2024-COMP095,Safety Concerns
AR-2025-COMP095,Environmental Impact
AR-2026-COMP095,Safety Concerns
AR-2026-COMP095,Environmental Impact
AR-2026-COMP095,Environmental Impact
AR-2026-COMP095,Environmental Impact
AR-2021-COMP096,Financial Compliance
AR-2021-COMP096,Financial Compliance
AR-2021-COMP096,Safety Concerns
AR-2021-COMP096,Regulatory Compliance
AR-2021-COMP096,Financial Compliance
AR-2022-COMP096,Financial Compliance
AR-2022-COMP096,Operational Efficiency
AR-2024-COMP096,Financial Compliance
AR-2024-COMP096,Financial Compliance
AR-2025-COMP096,Regulatory Compliance
AR-2025-COMP096,Safety Concerns
AR-2025-COMP096,Regulatory Compliance
AR-2026-COMP096,Safety Concerns
AR-2026-COMP096,Regulatory Compliance
AR-2021-COMP097,Safety Concerns
AR-2021-COMP097,Safety Concerns
AR-2021-COMP097,Environmental Impact
AR-2021-COMP097,Operational Efficiency
AR-2022-COMP097,Operational Efficiency
AR-2022-COMP097,Regulatory Compliance
AR-2022-COMP097,Regulatory Compliance
AR-2022-COMP097,Financial Compliance
AR-2023-COMP097,Environmental Impact
AR-2023-COMP097,Environmental Impact
AR-2023-COMP097,Regulatory Compliance
AR-2023-COMP097,Operational Efficiency
AR-2023-COMP097,Safety Concerns
AR-2025-COMP097,Regulatory Compliance
AR-2026-COMP097,Financial Compliance
AR-2026-COMP097,Operational Efficiency
AR-2026-COMP097,Environmental Impact
AR-2026-COMP097,Safety Concerns
AR-2021-COMP098,Operational Efficiency
AR-2021-COMP098,Operational Efficiency
AR-2021-COMP098,Financial Compliance
AR-2022-COMP098,Operational Efficiency
AR-2022-COMP098,Regulatory Compliance
AR-2022-COMP098,Operational Efficiency
AR-2022-COMP098,Operational Efficiency
AR-2022-COMP098,Safety Concerns
AR-2023-COMP098,Safety Concerns
AR-2023-COMP098,Operational Efficiency
AR-2023-COMP098,Financial Compliance
AR-2023-COMP098,Operational Efficiency
AR-2023-COMP098,Financial Compliance
AR-2024-COMP098,Financial Compliance
AR-2024-COMP098,Environmental Impact
AR-2025-COMP098,Regulatory Compliance
AR-2025-COMP098,Safety Concerns
AR-2025-COMP098,Safety Concerns
AR-2025-COMP098,Safety Concerns
AR-2026-COMP098,Operational Efficiency
AR-2026-COMP098,Financial Compliance
AR-2026-COMP098,Regulatory Compliance
AR-2026-COMP098,Financial Compliance
AR-2026-COMP098,Operational Efficiency
AR-2021-COMP099,Regulatory Compliance
AR-2021-COMP099,Financial Compliance
AR-2021-COMP099,Operational Efficiency
AR-2021-COMP099,Operational Efficiency
AR-2021-COMP099,Safety Concerns
AR-2022-COMP099,Operational Efficiency
AR-2022-COMP099,Operational Efficiency
AR-2022-COMP099,Financial Compliance
AR-2022-COMP099,Environmental Impact
AR-2022-COMP099,Environmental Impact
AR-2023-COMP099,Regulatory Compliance
AR-2023-COMP099,Safety Concerns
AR-2023-COMP099,Financial Compliance
AR-2023-COMP099,Regulatory Compliance
AR-2024-COMP099,Financial Compliance
AR-2024-COMP099,Financial Compliance
AR-2024-COMP099,Safety Concerns
AR-2024-COMP099,Safety Concerns
AR-2024-COMP099,Operational Efficiency
AR-2025-COMP099,Regulatory Compliance
AR-2026-COMP099,Financial Compliance
AR-2022-COMP100,Operational Efficiency
AR-2023-COMP100,Financial Compliance
AR-2023-COMP100,Regulatory Compliance
AR-2023-COMP100,Financial Compliance
AR-2025-COMP100,Environmental Impact
AR-2025-COMP100,Safety Concerns
AR-2025-COMP100,Operational Efficiency
AR-2025-COMP100,Regulatory Compliance
AR-2025-COMP100,Safety Concerns
AR-2026-COMP100,Financial Compliance
AR-2026-COMP100,Financial Compliance
AR-2026-COMP100,Operational Efficiency
AR-2026-COMP100,Financial Compliance
AR-2026-COMP100,Environmental Impact
